insert into readers (ticket_number, reader_name, address, phone_number)
values
(1, 'user1', 'aaaa', 'pppp'),
(2, 'user2', 'aaaa', 'pppp'),
(3, 'user2', 'aaaa', 'pppp'),
(4, 'user2', 'aaaa', 'pppp'),
(5, 'user2', 'aaaa', 'pppp'),
(6, 'user2', 'aaaa', 'pppp'),
(7, 'user2', 'aaaa', 'pppp'),
(8, 'user2', 'aaaa', 'pppp'),
(9, 'user2', 'aaaa', 'pppp'),
(10, 'user2', 'aaaa', 'pppp');

insert into publisher (publisher_id, name, city)
values
(1, 'pub1', 'ccc'),
(2, 'pub2', 'ccc'),
(3, 'pub3', 'ccc');

insert into books (book_code, title, publish_year, fund_cnt, price, vol, publisher_id)
values
(1, 'book1', 2011, 11, 400.00, 546, 1),
(2, 'book2', 2014, 9, 800.00, 506, 2),
(3, 'book3', 2012, 21, 400.00, 708, 3),
(4, 'book4', 2012, 5, 600.00, 342, 2),
(5, 'book5', 2020, 3, 650.00, 604, 2),
(6, 'book6', 2014, 9, 800.00, 506, 1),
(7, 'book7', 2022, 3, 650.00, 604, 1),
(8, 'book8', 2021, 7, 750.00, 705, 3),
(9, 'book9', 2022, 4, 450.00, 238, 3),
(10, 'book10', 2022, 4, 450.00, 238, 2),
(11, 'book11', 2022, 4, 450.00, 238, 2),
(12, 'book12', 2022, 4, 450.00, 238, 2),
(13, 'book13', 2022, 4, 450.00, 238, 2),
(14, 'book14', 2022, 4, 450.00, 238, 2),
(15, 'book15', 2022, 4, 450.00, 238, 2),
(16, 'book16', 2022, 4, 450.00, 238, 2),
(17, 'book17', 2022, 4, 450.00, 238, 2);

insert into reader_book_link (link_id, reader_tn, book_code, date_from, date_to)
values
(1, 2, 2, '2021-02-03', '2021-02-25'),
(2, 3, 2, '2021-02-05', '2021-02-13'),
(3, 3, 5, '2021-02-05', '2021-02-13'),
(4, 3, 9, '2021-02-05', '2021-02-13'),
(5, 5, 4, '2022-02-03', null),
(6, 10, 9, '2021-05-07', null),
(7, 6, 10, '2023-01-05', '2021-01-13'),
(8, 6, 10, '2023-01-05', '2021-01-13'),
(9, 6, 8, '2023-02-05', '2021-02-13'),
(10, 7, 5, '2023-02-05', '2021-02-13'),
(11, 7, 4, '2023-02-05', '2021-02-13'),
(14, 7, 5, '2023-06-18', null),
(15, 7, 4, '2023-06-18', null),
(16, 7, 5, '2023-06-18', null),
(17, 7, 1, '2023-06-18', null);

insert into lost_book_link (link_id, book_code, reader_tn, lost_date)
values
(1, 4, 5, '2022-02-17'),
(2, 9, 10, '2021-05-21'),
(3, 8, 8, '2021-05-21'),
(4, 9, 9, '2022-09-21'),
(5, 7, 10, '2021-05-21'),
(6, 9, 10, '2022-12-21'),
(7, 6, 7, '2021-05-21'),
(8, 9, 10, '2022-05-21'),
(9, 5, 7, '2021-05-21'),
(10, 10, 1, '2021-05-21'),
(11, 9, 7, '2022-09-21'),
(12, 17, 10, '2021-05-21'),
(13, 17, 3, '2021-05-21'),
(14, 9, 2, '2022-12-21'),
(15, 9, 1, '2021-05-21');

insert into authors (author_id, name)
values
(1, 'aaa'),
(2, 'bbb'),
(3, 'ccc'),
(4, 'ddd'),
(5, 'sss'),
(6, 'fff'),
(7, 'ggg'),
(8, 'qqq');

insert into book_author_link (link_id, author_id, book_code)
values
(1, 1, 1),
(2, 2, 1),
(3, 3, 1),
(4, 2, 2),
(5, 3, 3),
(6, 4, 3),
(7, 4, 4),
(8, 5, 5),
(9, 6, 5),
(10, 7, 6),
(11, 8, 6),
(12, 3, 7),
(13, 7, 7),
(14, 2, 8),
(15, 3, 9),
(16, 4, 9),
(17, 1, 10),
(18, 2, 10),
(19, 7, 11),
(20, 8, 12),
(21, 3, 13),
(22, 7, 14),
(23, 2, 15),
(24, 3, 16),
(25, 4, 17),
(26, 1, 17),
(27, 2, 16);